Symbol,Company Name,Market Cap,EPS Gr. Next 5Y,Beta (1Y),Shares Out,FCF,Total Debt,Total Cash,Stock Price
AAPL,Apple Inc.,"3,078.83B",10.38%,1.31,15.55B,99.58B,111.09B,162.10B,197.96
MSFT,Microsoft Corporation,"2,782.42B",15.41%,0.9,7.43B,63.23B,84.99B,143.95B,374.37
GOOGL,Alphabet Inc.,"1,669.14B",19.29%,1.04,12.46B,77.62B,26.33B,119.94B,133.97
AMZN,"Amazon.com, Inc.","1,538.11B",26.10%,1.17,10.33B,21.43B,136.99B,64.17B,148.84
NVDA,NVIDIA Corporation,"1,187.77B",79.09%,1.69,2.47B,17.52B,10.80B,18.28B,480.88
META,"Meta Platforms, Inc.",860.24B,22.99%,1.2,2.57B,37.78B,36.22B,61.12B,334.74
BRK.B,Berkshire Hathaway Inc.,789.45B,-,0.86,2.18B,26.74B,124.78B,30.84B,362.03
TSLA,"Tesla, Inc.",760.68B,14.33%,2.42,3.18B,3.71B,4.39B,26.08B,239.29
LLY,Eli Lilly and Company,567.21B,27.97%,0.33,949.31M,3.25B,20.17B,2.49B,597.5
V,Visa Inc.,526.92B,14.10%,0.95,2.01B,19.70B,20.46B,21.89B,262.38
AVGO,Broadcom Inc.,509.04B,14.06%,1.12,467.14M,17.63B,39.23B,14.19B,"1,089.69"
UNH,UnitedHealth Group Incorporated,507.79B,13.55%,0.62,924.93M,26.44B,63.37B,47.71B,549.01
TSM,Taiwan Semiconductor Manufacturing Company Limited,474.69B,10.94%,1.19,4.65B,10.90B,30.95B,50.51B,102.12
JPM,JPMorgan Chase & Co.,465.63B,3.91%,1.11,2.89B,53.97B,677.01B,511.37B,161.06
NVO,Novo Nordisk A/S,444.83B,19.85%,0.19,4.50B,13.69B,3.87B,6.95B,98.9
WMT,Walmart Inc.,414.74B,15.75%,0.49,2.69B,12.89B,69.74B,12.15B,154.05
XOM,Exxon Mobil Corporation,396.29B,-10.21%,1,4.01B,37.83B,41.25B,32.97B,98.92
MA,Mastercard Incorporated,395.14B,16.90%,1.08,930.44M,9.79B,15.57B,9.32B,424.68
JNJ,Johnson & Johnson,375.03B,11.13%,0.57,2.41B,15.74B,29.92B,23.51B,155.79
PG,The Procter & Gamble Company,350.19B,8.36%,0.45,2.36B,14.59B,35.88B,9.73B,148.58
HD,"The Home Depot, Inc.",341.77B,4.40%,0.94,995.26M,17.76B,49.26B,2.06B,343.4
ASML,ASML Holding N.V.,290.14B,21.27%,1.14,394.59M,6.08B,4.93B,6.90B,735.29
COST,Costco Wholesale Corporation,284.94B,9.60%,0.77,443.83M,6.75B,8.88B,15.23B,642
ADBE,Adobe Inc.,284.23B,20.16%,1.34,455.30M,7.63B,4.10B,7.52B,624.26
ORCL,Oracle Corporation,282.13B,21.84%,1.04,2.74B,10.10B,88.79B,8.69B,102.99
ABBV,AbbVie Inc.,272.42B,14.90%,0.45,1.77B,24.73B,60.75B,13.29B,154.3
CVX,Chevron Corporation,272.16B,-9.57%,1.1,1.88B,20.93B,20.56B,5.94B,144.61
MRK,"Merck & Co., Inc.",271.42B,12.65%,0.36,2.53B,13.17B,34.86B,8.77B,107.11
KO,The Coca-Cola Company,259.10B,9.89%,0.58,4.32B,10.25B,40.17B,15.44B,59.93
BAC,Bank of America Corporation,253.56B,2.30%,1.41,7.91B,43.26B,631.26B,668.97B,32.04
TM,Toyota Motor Corporation,250.66B,-,0.53,1.35B,8.57B,250.59B,150.59B,185.48
CRM,"Salesforce, Inc.",249.09B,130.95%,1.24,968.00M,8.81B,12.71B,11.86B,257.32
PEP,"PepsiCo, Inc.",236.49B,9.50%,0.57,1.37B,7.10B,44.77B,10.28B,172.01
AMD,"Advanced Micro Devices, Inc.",223.25B,58.88%,1.67,1.62B,1.32B,2.86B,5.79B,138.19
ACN,Accenture plc,215.67B,0.93%,1.22,627.61M,9.00B,3.15B,9.05B,343.64
MCD,McDonald's Corporation,214.65B,15.88%,0.7,725.34M,7.25B,49.75B,3.50B,295.93
NFLX,"Netflix, Inc.",210.08B,22.39%,1.26,437.68M,5.68B,14.30B,7.87B,479.98
SHEL,Shell plc,209.79B,-21.27%,0.56,3.27B,47.25B,83.80B,40.25B,64.22
NVS,Novartis AG,206.18B,16.61%,0.49,2.07B,15.15B,25.19B,12.70B,99.71
AZN,AstraZeneca PLC,204.28B,33.63%,0.17,3.10B,9.56B,28.58B,5.12B,65.9
CSCO,"Cisco Systems, Inc.",201.91B,8.85%,0.89,4.06B,17.49B,7.65B,26.94B,49.69
TMO,Thermo Fisher Scientific Inc.,200.35B,13.77%,0.83,386.37M,6.63B,35.28B,6.15B,518.54
LIN,Linde plc,198.19B,11.40%,0.89,484.89M,5.10B,18.00B,3.89B,408.74
PDD,PDD Holdings Inc.,194.52B,-,0.63,1.33B,11.76B,2.79B,36.64B,146.41
INTC,Intel Corporation,187.91B,19.99%,0.95,4.22B,-10.20B,48.88B,25.03B,44.57
SAP,SAP SE,186.88B,36.43%,0.98,1.17B,6.20B,11.85B,13.58B,159.77
ABT,Abbott Laboratories,186.19B,11.18%,0.7,1.74B,4.49B,15.53B,7.05B,107.25
TMUS,"T-Mobile US, Inc.",184.52B,43.37%,0.53,1.16B,6.46B,110.08B,9.50B,159.55
NKE,"NIKE, Inc.",184.42B,14.40%,1.08,1.52B,4.46B,12.18B,8.79B,121.17
BABA,Alibaba Group Holding Limited,179.49B,22.92%,0.6,2.51B,25.36B,23.54B,81.17B,71.46
CMCSA,Comcast Corporation,175.36B,33.90%,1.03,4.02B,12.35B,102.50B,6.44B,43.67
WFC,Wells Fargo & Company,173.45B,10.79%,1.18,3.63B,29.40B,283.37B,217.90B,47.76
INTU,Intuit Inc.,170.82B,27.77%,1.21,279.94M,4.35B,6.35B,2.93B,610.22
DIS,The Walt Disney Company,169.91B,47.41%,1.32,1.83B,4.90B,46.43B,14.18B,92.83
DHR,Danaher Corporation,167.63B,4.23%,0.86,738.93M,6.78B,22.06B,12.28B,226.86
BHP,BHP Group Limited,162.28B,-16.68%,0.79,2.53B,12.36B,24.90B,12.90B,64.05
TTE,TotalEnergies SE,160.67B,6.48%,0.81,2.40B,14.53B,58.31B,31.62B,67.06
VZ,Verizon Communications Inc.,155.51B,0.43%,0.4,4.20B,16.30B,172.07B,4.21B,36.99
QCOM,QUALCOMM Incorporated,154.48B,16.33%,1.26,1.11B,9.98B,15.40B,11.32B,138.8
HDB,HDFC Bank Limited,153.20B,-,0.7,2.32B,5.21B,37.75B,16.66B,65.92
HSBC,HSBC Holdings plc,152.56B,-16.63%,0.56,3.86B,25.15B,205.48B,327.00B,39.48
BA,The Boeing Company,151.79B,-,1.53,604.98M,4.65B,52.27B,13.37B,250.91
AMGN,Amgen Inc.,150.72B,10.95%,0.58,535.18M,9.38B,60.47B,34.74B,281.62
PFE,Pfizer Inc.,150.53B,-6.30%,0.56,5.65B,8.18B,63.60B,44.18B,26.66
IBM,International Business Machines Corporation,149.40B,-,0.77,913.12M,11.67B,58.53B,16.03B,163.62
TXN,Texas Instruments Incorporated,146.96B,3.99%,0.99,908.20M,1.65B,11.22B,8.95B,161.81
NOW,"ServiceNow, Inc.",146.71B,59.11%,1.03,205.00M,2.38B,2.26B,4.07B,715.64
PM,Philip Morris International Inc.,146.55B,7.87%,0.79,1.55B,7.64B,47.72B,3.02B,94.4
BX,Blackstone Inc.,144.84B,21.72%,1.49,1.21B,3.63B,13.09B,3.11B,119.75
UNP,Union Pacific Corporation,144.29B,8.01%,1.1,609.60M,4.76B,34.12B,766.00M,236.69
MS,Morgan Stanley,140.55B,5.05%,1.38,1.64B,-33.03B,256.86B,108.40B,85.63
SPGI,S&P Global Inc.,137.89B,14.62%,1.17,316.80M,3.37B,12.01B,1.65B,435.26
CAT,Caterpillar Inc.,136.42B,6.52%,1.08,509.09M,9.40B,37.14B,6.55B,267.97
UPS,"United Parcel Service, Inc.",133.97B,1.17%,1.09,851.93M,5.56B,25.44B,7.28B,157.25
HON,Honeywell International Inc.,133.88B,14.00%,1.04,659.25M,3.87B,20.29B,7.93B,203.08
RY,Royal Bank of Canada,133.63B,-,0.82,1.40B,17.33B,24.59B,98.76B,95.29
COP,Conoco Phillips,132.81B,-10.83%,1.23,1.19B,10.40B,19.06B,9.45B,111.85
GE,General Electric Company,131.89B,-2.45%,1.22,1.09B,5.15B,20.82B,20.18B,121.18
AMAT,"Applied Materials, Inc.",131.33B,10.67%,1.57,836.53M,6.98B,5.66B,6.54B,156.99
NEE,"NextEra Energy, Inc.",128.25B,15.87%,0.51,2.05B,-1.20B,73.32B,1.57B,62.51
UBER,"Uber Technologies, Inc.",127.53B,-,1.32,2.06B,2.29B,10.99B,7.59B,61.97
AXP,American Express Company,127.21B,8.30%,1.23,728.75M,18.57B,48.06B,43.91B,174.56
BUD,Anheuser-Busch InBev SA/NV,125.27B,8.10%,1.07,1.98B,7.75B,80.90B,6.93B,63.29
LOW,"Lowe's Companies, Inc.",123.91B,12.39%,1.04,575.11M,5.44B,40.05B,1.53B,215.45
SNY,Sanofi,121.13B,22.30%,0.44,2.51B,10.50B,22.93B,8.72B,48.3
UL,Unilever PLC,120.23B,1.99%,0.16,2.50B,9.59B,33.49B,6.93B,48.11
RTX,RTX Corp,119.66B,-,0.68,1.44B,5.34B,36.78B,5.46B,83.22
BKNG,Booking Holdings Inc.,119.47B,26.67%,1.36,34.89M,7.85B,14.32B,13.92B,"3,424.22"
PLD,"Prologis, Inc.",119.41B,-0.84%,1.05,923.97M,-2.33B,27.58B,740.84M,129.24
GS,"The Goldman Sachs Group, Inc.",118.29B,4.23%,1.44,326.11M,835.00M,784.49B,239.88B,362.73
T,AT&T Inc.,117.62B,-,0.72,7.15B,19.77B,155.73B,7.54B,16.45
SCHW,The Charles Schwab Corporation,117.51B,10.39%,0.99,1.77B,-3.40B,64.15B,51.83B,66.3
ISRG,"Intuitive Surgical, Inc.",115.82B,21.22%,1.34,352.07M,1.26B,-,6.48B,328.96
BLK,"BlackRock, Inc.",115.06B,-,1.34,148.76M,3.79B,9.66B,7.32B,773.43
ELV,Elevance Health Inc.,114.67B,15.55%,0.84,234.96M,8.25B,24.84B,38.90B,488.06
SYK,Stryker Corporation,113.42B,19.24%,0.95,379.94M,2.57B,12.69B,1.94B,298.53
SONY,Sony Group Corporation,113.16B,-,0.87,1.23B,954.52M,35.41B,15.19B,91.79
GM,General Motors Company,46.55B,-,1.49,1.37B,12.24B,118.87B,71.10B,33.99
KDP,Keurig Dr Pepper Inc.,46.48B,16.50%,0.66,1.40B,1.44B,12.86B,260.00M,33.24
ROST,"Ross Stores, Inc.",46.38B,14.49%,1.03,336.67M,2.01B,5.78B,4.50B,137.77
IDXX,"IDEXX Laboratories, Inc.",46.31B,13.14%,1.23,83.05M,669.78M,1.12B,331.70M,557.56
PAYX,"Paychex, Inc.",46.28B,8.40%,0.97,361.23M,1.86B,867.10M,1.74B,128.12
KHC,The Kraft Heinz Company,46.19B,14.82%,0.72,1.23B,2.51B,19.88B,1.05B,37.66
NEM,Newmont Corporation,46.10B,-,0.44,1.15B,781.00M,6.09B,3.21B,40
HLT,Hilton Worldwide Holdings Inc.,45.67B,21.23%,1.2,256.44M,1.75B,9.52B,779.00M,178.09
ET,Energy Transfer LP,45.50B,10.01%,1.62,3.36B,6.28B,48.90B,528.00M,13.53
SPG,"Simon Property Group, Inc.",45.43B,-0.46%,1.61,326.24M,3.03B,25.41B,769.03M,139.26
AEP,"American Electric Power Company, Inc.",43.95B,8.57%,0.5,525.88M,-3.61B,42.85B,618.10M,83.57
EW,Edwards Lifesciences Corporation,43.78B,11.90%,1.01,582.07M,808.40M,691.10M,1.86B,75.22
TEL,TE Connectivity Ltd.,42.85B,11.24%,1.33,310.78M,2.40B,4.21B,1.66B,137.89
FTNT,"Fortinet, Inc.",42.50B,19.59%,1.06,767.91M,2.06B,991.80M,3.17B,55.35
VLO,Valero Energy Corporation,42.49B,-25.93%,1.5,340.45M,10.42B,11.44B,5.83B,124.8
TRV,"The Travelers Companies, Inc.",42.30B,12.59%,0.6,228.40M,6.95B,8.03B,593.00M,185.22
WMB,"The Williams Companies, Inc.",42.16B,10.30%,1.16,1.22B,2.67B,25.65B,2.32B,34.66
HES,Hess Corporation,42.00B,17.84%,1.46,307.16M,393.00M,9.30B,2.02B,136.73
ODFL,"Old Dominion Freight Line, Inc.",41.91B,9.01%,1.04,109.11M,596.34M,79.97M,206.60M,384.06
KMB,Kimberly-Clark Corporation,41.78B,7.95%,0.39,337.94M,2.58B,8.09B,814.00M,123.62
CM,Canadian Imperial Bank of Commerce,41.43B,-,1.08,931.19M,8.27B,556.22B,52.27B,44.49
D,"Dominion Energy, Inc.",41.40B,29.50%,0.57,836.80M,-3.33B,41.89B,358.00M,49.47
DLR,"Digital Realty Trust, Inc.",41.39B,22.03%,0.57,302.85M,743.54M,18.27B,1.06B,136.67
IQV,IQVIA Holdings Inc.,41.24B,22.43%,1.45,182.50M,1.32B,13.85B,1.33B,225.95
O,Realty Income Corporation,40.99B,3.71%,0.9,723.92M,-7.74B,20.45B,344.13M,56.62
NUE,Nucor Corporation,40.99B,-18.38%,1.65,245.84M,6.12B,6.68B,6.73B,166.72
CNC,Centene Corporation,40.96B,31.46%,0.5,534.20M,5.45B,18.00B,20.43B,76.67
LEN,Lennar Corporation,40.91B,3.94%,1.51,281.82M,5.23B,3.32B,3.90B,145.16
COR,Cencora,40.89B,-,0.54,200.71M,3.45B,4.79B,2.59B,203.72
EXC,Exelon Corporation,40.81B,7.37%,0.61,995.44M,-3.49B,43.20B,735.00M,41
GWW,"W.W. Grainger, Inc.",40.64B,6.63%,1.12,49.63M,1.43B,2.73B,601.00M,818.81
LNG,"Cheniere Energy, Inc.",40.53B,12.84%,0.97,238.26M,7.73B,26.73B,4.38B,170.1
LEN.B,Lennar Corporation,40.50B,3.94%,1.51,305.62M,5.23B,3.32B,3.90B,132.52
KVUE,Kenvue Inc.,40.29B,-,-,1.91B,-,8.20B,1.06B,21.04
TRP,TC Energy Corporation,40.23B,40.18%,0.83,1.04B,-534.79M,48.71B,1.46B,38.79
ADM,Archer-Daniels-Midland Company,40.14B,-8.34%,0.82,533.38M,488.00M,9.50B,9.24B,75.26
DASH,"DoorDash, Inc.",39.99B,-,1.72,398.21M,878.00M,493.00M,3.82B,100.43
SU,Suncor Energy Inc.,39.46B,2.36%,1.54,1.30B,6.02B,11.46B,1.80B,30.47
LHX,"L3Harris Technologies, Inc.",39.44B,27.77%,0.68,189.54M,1.71B,14.27B,499.00M,208.08
GIS,"General Mills, Inc.",39.43B,5.57%,0.23,581.28M,2.03B,12.28B,490.90M,67.84
PTC,PTC Inc.,20.25B,30.47%,1.11,119.25M,587.05M,1.89B,288.10M,169.82
BGNE,"BeiGene, Ltd.",20.24B,-,0.59,110.38M,-1.79B,579.77M,3.19B,183.33
JBHT,"J.B. Hunt Transport Services, Inc.",20.22B,5.59%,1.15,103.14M,217.32M,1.45B,75.20M,196.01
FTS,Fortis Inc.,20.17B,5.72%,0.19,488.50M,-186.27M,22.53B,567.71M,41.29
UMC,United Microelectronics Corporation,20.15B,-33.26%,1.14,2.50B,597.08M,2.01B,5.38B,8.06
EXPE,"Expedia Group, Inc.",20.12B,56.19%,1.8,138.85M,1.90B,6.54B,6.49B,144.9
ILMN,"Illumina, Inc.",20.12B,-,1.09,158.80M,169.00M,2.19B,933.00M,126.67
PPL,PPL Corporation,20.10B,15.32%,0.84,737.12M,-489.00M,14.86B,353.00M,27.27
IFF,International Flavors & Fragrances Inc.,20.10B,-,1.18,255.28M,482.00M,10.96B,639.00M,78.73
TECK,Teck Resources Limited,20.01B,-15.72%,1.27,512.00M,-831.89M,5.57B,996.64M,39.08
TDY,Teledyne Technologies Incorporated,19.91B,8.36%,1.01,47.18M,795.40M,3.24B,508.60M,421.9
YPF,YPF SA,19.89B,-,1.84,1.13B,1.69B,7.65B,1.09B,17.6
TS,Tenaris S.A.,19.82B,-14.77%,1.54,590.27M,3.51B,741.92M,3.36B,33.58
IRM,Iron Mountain Incorporated,19.81B,3.81%,0.92,291.99M,-111.42M,14.14B,170.50M,67.84
CCJ,Cameco Corporation,19.81B,33.83%,0.9,433.87M,120.18M,739.88M,1.72B,45.65
CNP,"CenterPoint Energy, Inc.",19.06B,5.11%,0.9,631.22M,-1.11B,18.90B,686.00M,30.2
K,Kellanova Co,18.94B,12.00%,0.44,342.52M,1.23B,7.67B,1.10B,55.3
TRGP,Targa Resources Corp.,18.92B,12.22%,2.2,222.98M,614.70M,12.92B,139.50M,84.85
OWL,Blue Owl Capital Inc.,18.89B,-,1.2,1.41B,858.57M,2.05B,76.70M,13.41
LH,Laboratory Corporation of America Holdings,18.80B,6.21%,1.05,84.90M,997.40M,6.33B,727.90M,221.47
PBA,Pembina Pipeline Corporation,18.78B,-5.50%,1.51,549.23M,1.54B,8.30B,63.82M,34.19
WRB,W. R. Berkley Corporation,18.77B,4.34%,0.59,257.87M,2.95B,2.84B,1.65B,72.79
MKC,"McCormick & Company, Incorporated",18.71B,9.11%,0.67,268.05M,779.10M,4.78B,154.70M,69.79
STLD,"Steel Dynamics, Inc.",18.67B,-13.58%,1.48,161.82M,2.31B,3.10B,2.27B,115.36
PFG,"Principal Financial Group, Inc.",18.62B,-17.73%,1.26,238.41M,3.91B,3.95B,4.56B,78.08
BALL,Ball Corporation,18.59B,13.53%,0.88,315.30M,433.00M,9.59B,1.34B,58.95
BMRN,BioMarin Pharmaceutical Inc.,18.56B,45.45%,0.4,188.37M,28.43M,1.09B,1.13B,98.51
CTRA,Coterra Energy Inc.,18.55B,-5.94%,0.29,752.19M,2.30B,2.17B,893.00M,24.66
DECK,Deckers Outdoor Corporation,18.51B,15.25%,0.95,25.73M,781.64M,251.07M,823.05M,719.27
WAT,Waters Corporation,18.46B,7.46%,0.94,59.13M,390.17M,2.59B,337.31M,312.13
EXPD,"Expeditors International of Washington, Inc.",17.78B,-5.23%,1,145.39M,1.33B,519.48M,1.64B,122.29
AKAM,"Akamai Technologies, Inc.",17.72B,21.26%,0.79,150.83M,593.80M,4.50B,939.26M,117.5
ALGN,"Align Technology, Inc.",17.72B,25.87%,1.59,76.59M,686.08M,98.52M,1.28B,231.36
RPRX,Royalty Pharma plc,17.58B,91.20%,0.41,601.47M,2.77B,6.13B,1.68B,29.22
WMG,Warner Music Group Corp.,17.57B,23.05%,1.51,517.07M,560.00M,4.26B,641.00M,33.98
CMS,CMS Energy Corporation,17.48B,8.10%,0.4,291.76M,-1.16B,15.40B,184.00M,59.91
FDS,FactSet Research Systems Inc.,17.44B,13.84%,0.81,37.99M,584.79M,1.84B,457.65M,458.98
SWKS,"Skyworks Solutions, Inc.",17.43B,16.61%,1.34,159.96M,1.65B,1.48B,734.40M,108.97
CHKP,Check Point Software Technologies Ltd.,17.41B,13.89%,0.64,116.99M,1.03B,-,1.46B,148.77
LUV,Southwest Airlines Co.,17.38B,28.09%,1.19,596.12M,-852.00M,9.27B,11.73B,29.15
TYL,"Tyler Technologies, Inc.",17.37B,26.96%,0.79,42.12M,307.77M,788.80M,143.11M,412.46
ATO,Atmos Energy Corporation,17.35B,7.20%,0.65,148.50M,653.77M,6.89B,19.25M,116.85
NTRS,Northern Trust Corporation,17.15B,8.88%,1.15,207.04M,3.28B,19.71B,39.40B,82.85
HOLX,"Hologic, Inc.",17.05B,27.94%,1.02,240.00M,901.00M,2.84B,2.72B,71.03
IEX,IDEX Corporation,15.79B,9.42%,0.95,75.63M,596.60M,1.32B,562.70M,208.84
MGA,Magna International Inc.,15.72B,37.88%,1.68,286.36M,479.00M,7.21B,1.02B,54.89
VRTX,Vertex Pharmaceuticals Incorporated,106.83B,10.52%,0.35,258.31M,3.34B,724.70M,11.22B,413.59
REGN,"Regeneron Pharmaceuticals, Inc.",106.34B,11.40%,0.11,107.94M,3.88B,2.70B,10.84B,968.83
ABNB,"Airbnb, Inc.",105.19B,-0.46%,1.25,647.29M,3.88B,2.24B,10.07B,164.91
LMT,Lockheed Martin Corporation,104.61B,3.08%,0.48,241.64M,6.23B,17.46B,1.44B,432.9
DE,Deere & Company,104.13B,-0.82%,1.03,278.36M,6.45B,63.17B,5.14B,374.1
SBUX,Starbucks Corporation,103.10B,17.57%,0.98,1.13B,4.50B,24.46B,3.38B,91.06
BP,BP p.l.c.,102.84B,-24.92%,0.54,2.80B,17.89B,63.08B,34.11B,36.41
MMC,"Marsh & McLennan Companies, Inc.",100.86B,9.09%,0.89,491.66M,3.84B,15.44B,14.15B,205.15
CI,Cigna Corporation,99.92B,19.91%,0.56,292.36M,10.24B,30.93B,8.75B,341.79
UBS,UBS Group AG,99.60B,13.61%,1.02,3.23B,15.00B,306.67B,193.04B,30.85
ADP,"Automatic Data Processing, Inc.",99.58B,9.27%,0.79,410.79M,3.42B,3.34B,1.64B,242.4
BSX,Boston Scientific Corporation,99.26B,27.00%,0.78,1.47B,1.83B,9.10B,865.00M,67.66
SHOP,Shopify Inc.,98.03B,87.96%,2.22,1.29B,905.00M,1.15B,5.82B,76.16
ADI,"Analog Devices, Inc.",97.17B,18.53%,1.17,495.91M,3.24B,6.99B,1.30B,195.94
MDLZ,"Mondelez International, Inc.",96.74B,6.22%,0.58,1.35B,3.62B,19.95B,1.81B,71.85
AMT,American Tower Corporation,96.68B,17.86%,0.68,466.35M,2.92B,47.15B,2.09B,207.31
KLAC,KLA Corporation,94.56B,11.69%,1.34,135.23M,3.17B,5.89B,3.34B,699.21
CVS,CVS Health Corporation,94.47B,12.61%,0.5,1.26B,10.40B,79.39B,11.46B,75.07
GILD,"Gilead Sciences, Inc.",93.58B,14.73%,0.2,1.25B,7.42B,24.99B,7.26B,75.12
PANW,"Palo Alto Networks, Inc.",90.53B,58.24%,1.21,323.10M,2.92B,2.18B,3.82B,280.2
FI,"Fiserv, Inc.",89.29B,24.99%,0.91,590.40M,3.77B,23.12B,1.20B,151.24
GSK,GSK plc,88.43B,-4.75%,0.26,2.03B,7.04B,23.15B,6.66B,43.14
KKR,KKR & Co. Inc.,87.75B,6.58%,1.62,885.01M,-1.60B,47.47B,20.81B,98.65
SNPS,"Synopsys, Inc.",87.15B,25.19%,1.06,152.54M,1.31B,669.96M,1.27B,571.29
SHW,The Sherwin-Williams Company,86.57B,9.06%,1.15,254.47M,2.63B,11.81B,276.80M,340.69
EQIX,"Equinix, Inc.",86.11B,16.93%,0.59,94.62M,51.18M,17.46B,2.10B,910.1
HCA,"HCA Healthcare, Inc.",86.06B,9.64%,1.65,264.50M,4.69B,41.50B,935.00M,325.37
ANET,"Arista Networks, Inc.",85.38B,10.85%,1.1,312.63M,2.00B,-,5.01B,273.11
CDNS,"Cadence Design Systems, Inc.",84.01B,26.10%,1.04,272.24M,1.25B,649.06M,1.01B,308.6
CP,Canadian Pacific Railway Limited,83.91B,13.46%,0.77,932.43M,1.26B,16.68B,344.05M,89.7
WM,"Waste Management, Inc.",83.43B,14.21%,0.72,401.60M,1.82B,16.23B,458.00M,207.75
ZTS,Zoetis Inc.,83.41B,10.85%,0.87,457.87M,1.63B,6.76B,2.04B,182.16
DEO,Diageo plc,83.24B,-19.33%,0.33,557.48M,4.64B,22.63B,2.30B,149.16
CNI,Canadian National Railway Company,82.84B,7.25%,0.66,640.70M,2.90B,13.93B,685.49M,128.72
STLA,Stellantis N.V.,82.43B,-10.64%,1.31,3.02B,15.20B,32.27B,55.24B,27.3
DELL,Dell Technologies Inc.,82.11B,22.72%,0.96,706.34M,7.07B,26.62B,12.84B,116.25
ICE,"Intercontinental Exchange, Inc.",79.40B,18.39%,1.03,560.30M,3.05B,22.91B,2.45B,138.66
TGT,Target Corporation,78.36B,12.71%,1.13,461.66M,3.67B,19.03B,1.91B,169.72
CRWD,"CrowdStrike Holdings, Inc.",78.09B,100.56%,1.06,240.16M,940.22M,792.87M,3.47B,322.85
ITW,Illinois Tool Works Inc.,78.04B,9.36%,1.14,298.80M,3.10B,8.16B,1.07B,261.18
EQNR,Equinor ASA,77.02B,-12.51%,0.34,2.96B,26.53B,32.17B,45.46B,26.25
CNQ,Canadian Natural Resources Limited,76.98B,11.33%,1.98,1.07B,5.52B,8.01B,1.04B,71.69
MELI,"MercadoLibre, Inc.",76.68B,43.36%,1.45,50.70M,4.63B,5.33B,9.96B,"1,512.50"
CME,CME Group Inc.,76.67B,4.47%,0.5,359.99M,3.38B,93.62B,93.22B,212.98
ENB,Enbridge Inc.,76.40B,4.55%,0.88,2.13B,6.91B,60.21B,4.44B,35.84
RACE,Ferrari N.V.,75.81B,6.24%,0.97,180.42M,1.46B,2.72B,2.88B,420.74
SO,The Southern Company,75.29B,7.74%,0.49,1.09B,-1.52B,63.49B,748.00M,69.01
CSX,CSX Corporation,74.82B,7.09%,1.18,1.96B,3.32B,18.53B,1.44B,38.19
GD,General Dynamics Corporation,74.61B,13.89%,0.68,273.98M,3.81B,9.26B,1.91B,272.31
MO,"Altria Group, Inc.",73.84B,6.87%,0.68,1.76B,9.09B,26.23B,3.69B,41.87
CMG,"Chipotle Mexican Grill, Inc.",73.66B,20.73%,1.29,27.42M,1.22B,4.05B,1.32B,"2,686.12"
DUK,Duke Energy Corporation,73.18B,16.89%,0.46,770.81M,-2.73B,80.46B,253.00M,94.94
CL,Colgate-Palmolive Company,72.49B,11.93%,0.41,823.15M,3.04B,8.55B,966.00M,88.07
MAR,"Marriott International, Inc.",72.45B,10.10%,1.63,289.49M,2.72B,12.76B,338.00M,250.28
SLB,Schlumberger Limited,72.19B,14.78%,1.6,1.43B,4.04B,11.97B,3.99B,50.4
TRI,Thomson Reuters Corporation,70.97B,-2.17%,0.4,452.40M,1.80B,4.02B,1.36B,156.69
MCO,Moody's Corporation,70.65B,17.01%,1.27,182.50M,1.88B,7.42B,2.19B,387.01
WDAY,"Workday, Inc.",69.52B,25.19%,1.33,262.00M,1.91B,3.30B,7.81B,264.32
BDX,"Becton, Dickinson and Company",69.31B,37.51%,0.45,288.90M,2.65B,16.11B,1.24B,239.9
MCK,McKesson Corporation,69.31B,13.28%,0.44,131.41M,2.89B,7.61B,1.98B,527.41
PH,Parker-Hannifin Corporation,69.00B,16.70%,1.52,128.41M,2.86B,11.79B,393.87M,537.35
NOC,Northrop Grumman Corporation,68.94B,16.82%,0.34,150.04M,2.10B,15.68B,3.11B,459.5
SAN,"Banco Santander, S.A.",68.88B,4.75%,1.34,15.53B,6.97B,337.66B,444.50B,4.31
EOG,"EOG Resources, Inc.",68.86B,-0.43%,1.4,580.00M,5.30B,4.12B,5.28B,118.72
USB,U.S. Bancorp,67.41B,11.53%,1.05,1.56B,8.45B,66.76B,61.19B,43.26
ITUB,Itaú Unibanco Holding S.A.,66.87B,12.91%,0.54,9.10B,25.63B,33.72B,7.10B,6.84
APH,Amphenol Corporation,66.23B,5.68%,1.31,599.86M,2.16B,4.34B,1.66B,110.41
BN,Brookfield Corporation,65.26B,43.94%,1.7,1.64B,-4.51B,230.79B,12.09B,41.67
MPC,Marathon Petroleum Corporation,64.88B,-8.51%,1.5,361.36M,12.26B,28.50B,10.22B,179.55
TDG,TransDigm Group Incorporated,64.78B,9.87%,1.42,55.61M,1.49B,21.88B,4.14B,"1,164.99"
TT,Trane Technologies plc,64.68B,9.00%,1.24,227.07M,2.10B,4.78B,1.10B,284.85
NXPI,NXP Semiconductors N.V.,64.64B,18.06%,1.6,256.46M,2.69B,11.18B,4.27B,252.03
ORLY,"O'Reilly Automotive, Inc.",64.01B,11.92%,0.86,59.04M,2.05B,7.84B,279.13M,"1,084.20"
PSX,Phillips 66,63.89B,-2.72%,1.36,427.82M,4.61B,19.36B,3.32B,149.34
ECL,Ecolab Inc.,63.80B,16.53%,1.1,285.51M,1.65B,8.61B,919.50M,223.46
SMCI,"Super Micro Computer, Inc.",63.76B,-,1.27,55.93M,-169.23M,375.63M,725.66M,"1,140.01"
CTAS,Cintas Corporation,63.39B,9.23%,1.26,101.37M,1.32B,2.87B,85.56M,625.37
PYPL,"PayPal Holdings, Inc.",63.24B,22.70%,1.44,1.07B,4.27B,9.68B,20.06B,59.01
BBVA,"Banco Bilbao Vizcaya Argentaria, S.A.",63.14B,2.56%,1.46,5.83B,-20.30B,75.16B,177.48B,10.8
EMR,Emerson Electric Co.,62.97B,-20.22%,1.36,571.70M,253.00M,10.86B,2.08B,110.15
AON,Aon plc,62.81B,14.78%,0.85,198.30M,3.18B,11.84B,1.15B,316.75
COIN,"Coinbase Global, Inc.",62.17B,41.67%,3.37,242.04M,859.75M,3.06B,5.74B,256.62
MNST,Monster Beverage Corporation,61.98B,14.49%,0.72,1.04B,1.49B,91.84M,3.25B,59.18
FDX,FedEx Corporation,61.89B,15.04%,1.21,249.89M,4.10B,38.18B,6.73B,247.68
EPD,Enterprise Products Partners L.P.,60.71B,-2.88%,0.98,2.17B,4.30B,28.75B,667.00M,28
PCAR,PACCAR Inc,60.06B,-7.79%,0.91,523.88M,2.93B,14.23B,9.00B,114.65
PNC,"The PNC Financial Services Group, Inc.",59.80B,5.44%,1.16,397.81M,10.11B,72.74B,50.73B,150.33
NSC,Norfolk Southern Corporation,58.63B,17.39%,1.3,225.88M,916.00M,17.18B,1.57B,259.54
ROP,"Roper Technologies, Inc.",58.43B,22.92%,0.99,107.02M,1.93B,6.33B,214.30M,545.95
LULU,Lululemon Athletica Inc.,58.10B,25.95%,1.33,121.08M,1.31B,1.17B,1.09B,460.39
RSG,"Republic Services, Inc.",57.95B,9.38%,0.68,314.61M,2.02B,12.82B,140.00M,184.19
PLTR,Palantir Technologies Inc.,57.62B,55.80%,2.81,2.11B,697.07M,229.39M,3.67B,26.04
VALE,Vale S.A.,57.61B,-9.77%,0.93,4.30B,13.32B,17.23B,5.14B,13.19
CRH,CRH plc,57.43B,2.11%,1.35,707.52M,3.61B,14.24B,6.94B,81.17
FCX,Freeport-McMoRan Inc.,57.16B,19.22%,2.02,1.43B,682.00M,9.42B,5.97B,39.85
PXD,Pioneer Natural Resources Company,56.89B,0.45%,1.33,233.62M,3.70B,5.26B,379.00M,243.52
SPG,"Simon Property Group, Inc.",56.58B,-1.90%,1.68,325.89M,3.14B,26.52B,1.17B,150.96
MSI,"Motorola Solutions, Inc.",55.72B,15.96%,0.9,166.13M,1.79B,6.43B,1.71B,335.41
EW,Edwards Lifesciences Corporation,55.40B,15.80%,1.05,601.30M,642.80M,694.90M,1.64B,92.14
FTNT,"Fortinet, Inc.",54.44B,16.26%,1.08,763.03M,1.73B,992.30M,2.44B,71.35
CEG,Constellation Energy Corporation,54.01B,12.28%,0.74,317.00M,-7.81B,9.26B,1.62B,170.57
ADSK,"Autodesk, Inc.",53.88B,28.12%,1.43,213.92M,1.25B,2.63B,2.25B,251.86
APD,"Air Products and Chemicals, Inc.",53.71B,14.64%,0.82,222.30M,-2.12B,12.74B,2.23B,241.61
EL,The Estée Lauder Companies Inc.,53.59B,21.85%,1.07,358.38M,806.00M,10.20B,3.94B,149.5
OXY,Occidental Petroleum Corporation,53.47B,-2.51%,1.65,879.50M,6.06B,20.91B,1.43B,60.8
CTSH,Cognizant Technology Solutions Corporation,38.22B,15.40%,1.07,497.84M,2.01B,1.32B,2.64B,76.77
CMI,Cummins Inc.,38.10B,40.64%,1.04,141.86M,2.75B,6.70B,2.74B,268.6
WDS,Woodside Energy Group Ltd,37.98B,9.43%,0.74,1.90B,854.00M,6.61B,1.95B,19.72
GIS,"General Mills, Inc.",37.06B,5.57%,0.13,567.89M,2.32B,12.65B,593.80M,65.26
EXC,Exelon Corporation,36.94B,7.62%,0.61,999.54M,-2.71B,44.01B,927.00M,36.96
MLM,"Martin Marietta Materials, Inc.",36.90B,4.63%,0.95,61.82M,878.10M,4.73B,1.28B,596.85
VEEV,Veeva Systems Inc.,36.68B,20.01%,0.74,161.02M,892.88M,65.11M,4.03B,227.79
IR,Ingersoll Rand Inc.,36.46B,25.66%,1.44,403.44M,1.28B,2.72B,1.60B,90.37
LNG,"Cheniere Energy, Inc.",36.37B,-22.15%,0.94,234.69M,6.30B,26.79B,4.67B,154.95
EA,Electronic Arts Inc.,36.13B,28.95%,0.77,267.35M,2.16B,1.88B,3.10B,135.15
QSR,Restaurant Brands International Inc.,35.72B,10.02%,0.92,313.35M,1.20B,14.33B,1.14B,79.7
MPWR,"Monolithic Power Systems, Inc.",35.63B,22.60%,1.25,48.66M,580.64M,0,1.11B,732.21
PWR,"Quanta Services, Inc.",35.28B,21.67%,1.11,145.75M,1.14B,4.46B,1.29B,242.06
VMC,Vulcan Materials Company,35.26B,11.35%,0.83,132.23M,758.80M,4.39B,949.20M,266.7
DG,Dollar General Corporation,34.53B,2.92%,0.41,219.50M,463.32M,18.09B,365.45M,157.31
NDAQ,"Nasdaq, Inc.",34.52B,18.34%,0.93,575.21M,1.54B,10.87B,661.00M,60.01
ROK,"Rockwell Automation, Inc.",33.76B,9.88%,1.43,114.59M,1.14B,3.65B,439.50M,294.59
ON,ON Semiconductor Corporation,33.74B,18.56%,1.81,427.33M,442.40M,3.36B,2.48B,78.95
EFX,Equifax Inc.,33.47B,38.65%,1.52,123.96M,515.50M,5.71B,216.80M,270
GPN,Global Payments Inc.,33.44B,48.82%,0.97,257.99M,1.59B,17.29B,2.09B,129.63
BCE,BCE Inc.,33.43B,6.16%,0.47,912.27M,2.36B,26.84B,1.31B,36.53
PPG,"PPG Industries, Inc.",33.12B,15.48%,1.28,235.26M,1.86B,6.87B,1.59B,140.73
CVE,Cenovus Energy Inc.,33.09B,22.32%,2.79,1.87B,2.29B,7.38B,1.81B,17.66
NET,"Cloudflare, Inc.",33.09B,-,1.13,337.66M,119.46M,1.44B,1.68B,97.99
EXR,Extra Space Storage Inc.,32.95B,7.64%,0.75,211.58M,965.59M,11.25B,99.06M,150.6
SE,Sea Limited,32.83B,-,1.49,569.36M,2.08B,4.45B,9.23B,57.72
ACGL,Arch Capital Group Ltd.,32.78B,-,0.57,374.15M,5.70B,2.73B,917.00M,87.61
RCL,Royal Caribbean Cruises Ltd.,32.72B,21.89%,2.52,256.65M,593.00M,22.13B,497.00M,127.47
FANG,"Diamondback Energy, Inc.",32.71B,2.02%,1.91,178.45M,1.21B,6.64B,585.00M,183.29
WIT,Wipro Limited,32.53B,7.87%,0.72,5.22B,1.83B,2.22B,4.22B,6.17
BIIB,Biogen Inc.,32.45B,24.08%,-0.02,145.36M,1.24B,7.34B,1.05B,223.24
CCEP,Coca-Cola Europacific Partners PLC,32.43B,-,0.71,458.85M,2.33B,12.47B,2.35B,70.59
FICO,Fair Isaac Corporation,32.32B,22.75%,1.22,24.85M,493.85M,1.97B,160.42M,"1,300.45"
HAL,Halliburton Company,32.23B,9.06%,2,890.10M,2.27B,8.81B,2.26B,36.21
DLTR,"Dollar Tree, Inc.",32.23B,9.46%,0.92,217.87M,660.10M,10.69B,515.60M,147.91
LYB,LyondellBasell Industries N.V.,32.11B,13.60%,1.2,324.52M,3.41B,12.64B,3.41B,98.94
PEG,Public Service Enterprise Group Incorporated,32.04B,-3.07%,0.59,498.59M,518.00M,20.55B,54.00M,64.26
ED,"Consolidated Edison, Inc.",31.14B,-2.91%,0.35,345.51M,-2.34B,25.01B,1.19B,90.12
ORAN,Orange S.A.,30.94B,10.27%,0.1,2.66B,-5.83B,58.11B,14.54B,11.64
BKR,Baker Hughes Company,30.84B,17.54%,1.4,1.00B,2.05B,6.02B,2.65B,30.6
XYL,Xylem Inc.,30.72B,20.43%,1.11,241.77M,567.00M,2.28B,1.02B,127.08
DFS,Discover Financial Services,30.38B,4.96%,1.45,250.56M,8.26B,21.33B,11.73B,121.26
HPQ,HP Inc.,30.08B,2.99%,1.06,978.48M,3.15B,9.66B,2.42B,30.74
FTV,Fortive Corporation,29.88B,21.37%,1.18,351.38M,1.25B,3.65B,1.89B,85.05
DD,"DuPont de Nemours, Inc.",29.82B,52.45%,1.22,417.58M,1.30B,7.80B,2.80B,71.4
BBD,Banco Bradesco S.A.,29.69B,10.14%,0.64,9.93B,8.01B,30.01B,24.59B,2.79
DVN,Devon Energy Corporation,29.31B,2.84%,2.2,635.00M,2.62B,6.45B,875.00M,46.16
ADM,Archer-Daniels-Midland Company,29.23B,-8.34%,0.75,533.38M,488.00M,9.50B,9.24B,54.81
XEL,Xcel Energy Inc.,28.32B,8.37%,0.37,555.16M,-527.00M,27.51B,129.00M,51.02
MTD,Mettler-Toledo International Inc.,28.22B,13.40%,1.15,21.48M,861.39M,2.08B,69.81M,"1,313.85"
DB,Deutsche Bank Aktiengesellschaft,28.07B,2.24%,1.19,2.01B,-2.66B,150.65B,216.11B,13.97
WTW,Willis Towers Watson PLC,28.05B,19.60%,0.74,102.48M,1.10B,5.93B,1.42B,273.71
CAH,"Cardinal Health, Inc.",28.01B,54.71%,0.69,243.23M,3.43B,4.72B,4.59B,115.17
PUK,Prudential plc,27.92B,13.12%,1.29,1.37B,759.47M,6.11B,7.61B,20.31
GLW,Corning Incorporated,27.92B,51.11%,1.07,853.47M,682.00M,7.53B,1.78B,32.71
BBDO,Banco Bradesco S.A.,27.90B,12.29%,0.64,11.09B,8.01B,30.01B,24.58B,2.49
MDB,"MongoDB, Inc.",27.89B,-,1.24,72.18M,115.40M,1.18B,2.02B,383.42
HWM,Howmet Aerospace Inc.,27.79B,15.73%,1.27,410.30M,682.00M,3.71B,610.00M,67.74
GOLD,Barrick Gold Corporation,27.78B,16.65%,0.41,1.76B,646.00M,4.73B,4.15B,15.76
RMD,ResMed Inc.,27.72B,13.00%,0.66,147.09M,962.46M,1.39B,210.25M,188.44
ICLR,ICON PLC,27.61B,21.30%,1.15,82.50M,1.02B,3.90B,380.06M,334.64
GRMN,Garmin Ltd.,27.22B,6.27%,0.98,191.78M,1.18B,113.04M,1.97B,141.94
AEM,Agnico Eagle Mines Limited,27.19B,-32.33%,1.03,494.38M,936.48M,2.00B,338.65M,54.51
TSCO,Tractor Supply Company,27.03B,9.96%,0.84,107.92M,666.65M,5.04B,397.07M,250.49
KEYS,"Keysight Technologies, Inc.",26.94B,14.59%,1.05,174.56M,1.19B,2.06B,1.75B,154.33
EIX,Edison International,26.64B,17.17%,0.97,384.52M,-2.05B,35.31B,345.00M,69.27
AVB,"AvalonBay Communities, Inc.",26.55B,3.89%,0.93,142.03M,245.02M,8.14B,530.96M,186.95
TROW,"T. Rowe Price Group, Inc.",26.38B,0.91%,1.4,223.66M,911.20M,308.50M,2.07B,117.95
SPLK,Splunk Inc.,26.37B,48.56%,1,168.50M,985.65M,3.26B,2.00B,156.45
ULTA,"Ulta Beauty, Inc.",26.23B,10.34%,1.31,48.56M,847.31M,2.10B,121.81M,540.22
NTR,Nutrien Ltd.,26.23B,11.98%,0.97,494.56M,2.40B,12.57B,941.00M,52.9
EBAY,eBay Inc.,26.09B,2.52%,1.31,518.00M,1.97B,8.11B,9.02B,50.37
ZBH,"Zimmer Biomet Holdings, Inc.",25.99B,16.73%,1.01,208.79M,892.40M,5.77B,415.80M,126.74
WEC,"WEC Energy Group, Inc.",25.78B,9.41%,0.4,315.56M,505.70M,18.80B,42.90M,81.68
TU,TELUS Corporation,25.63B,32.47%,0.7,1.47B,955.53M,20.37B,667.68M,17.31
WY,Weyerhaeuser Company,25.42B,2.77%,1.45,729.52M,919.00M,5.07B,1.16B,34.84
CHD,"Church & Dwight Co., Inc.",25.38B,8.35%,0.53,243.78M,807.10M,2.41B,344.50M,104.12
RCI,Rogers Communications Inc.,23.55B,32.04%,0.55,532.93M,952.81M,33.51B,593.19M,44.19
ALGN,"Align Technology, Inc.",23.47B,25.83%,1.65,75.10M,608.06M,96.97M,972.74M,312.49
DECK,Deckers Outdoor Corporation,23.41B,15.25%,1.01,25.67M,1.02B,273.99M,1.65B,912.2
HPE,Hewlett Packard Enterprise Company,23.38B,14.65%,1.2,1.30B,3.17B,12.80B,7.39B,17.99
DTE,DTE Energy Company,23.35B,5.75%,0.64,206.26M,-711.00M,20.97B,348.00M,112.82
TRGP,Targa Resources Corp.,23.17B,17.20%,2.19,223.16M,830.90M,12.95B,141.70M,103.83
AWK,"American Water Works Company, Inc.",23.07B,7.36%,0.63,194.76M,-860.00M,12.45B,364.00M,118.44
LYV,"Live Nation Entertainment, Inc.",23.02B,45.09%,1.3,230.80M,932.19M,8.44B,6.24B,99.74
HEI,HEICO Corporation,22.77B,15.00%,1.17,122.36M,431.74M,2.50B,196.32M,186.45
HEI.A,HEICO Corporation,22.77B,15.00%,1.17,151.36M,431.74M,2.50B,196.32M,150.18
TW,Tradeweb Markets Inc.,22.40B,20.93%,0.92,235.75M,684.33M,49.08M,1.71B,102.88
FCNCA,"First Citizens BancShares, Inc.",22.39B,-,0.89,14.42M,1.48B,38.74B,34.52B,"1,553.60"
BAX,Baxter International Inc.,22.23B,-5.59%,0.62,507.83M,1.03B,14.24B,3.19B,43.77
PTC,PTC Inc.,22.17B,30.47%,1.17,119.55M,598.08M,2.45B,265.00M,185.43
ETR,Entergy Corporation,22.00B,-5.24%,0.7,213.24M,-452.39M,26.25B,132.55M,103.35
ROL,"Rollins, Inc.",21.99B,11.96%,0.63,483.89M,495.90M,816.35M,140.85M,45.45
FE,FirstEnergy Corp.,21.88B,14.45%,0.47,574.44M,-1.97B,24.91B,179.00M,38.09
BNTX,BioNTech SE,21.70B,-30.79%,0.23,237.72M,5.13B,614.96M,17.55B,91.27
WRB,W. R. Berkley Corporation,21.65B,4.88%,0.57,256.55M,2.88B,2.85B,1.36B,84.4
WSO.B,"Watsco, Inc.",15.20B,6.45%,0.88,40.69M,527.78M,404.79M,210.11M,390.85
NWS,News Corporation,15.18B,40.39%,1.35,552.48M,776.00M,4.13B,1.72B,27.35
NWSA,News Corporation,15.17B,40.39%,1.35,575.10M,776.00M,4.13B,1.72B,26.34
CVNA,Carvana Co.,15.15B,23.24%,3.32,201.90M,788.00M,6.71B,1.77B,85.3
NDSN,Nordson Corporation,15.14B,11.61%,1.01,57.19M,657.60M,1.76B,136.20M,264.76
WSM,"Williams-Sonoma, Inc.",15.07B,3.25%,1.65,64.14M,1.22B,1.39B,698.81M,234.9
HST,"Host Hotels & Resorts, Inc.",14.90B,13.19%,1.33,703.62M,990.00M,4.77B,1.14B,20.88
CNHI,CNH Industrial N.V.,14.89B,4.85%,1.69,1.26B,-272.00M,27.47B,5.05B,11.85
DKS,"DICK'S Sporting Goods, Inc.",14.80B,6.62%,1.57,81.74M,1.15B,4.23B,1.41B,181.11
BEN,"Franklin Resources, Inc.",14.77B,15.59%,1.42,526.56M,1.00B,11.75B,3.88B,28.05
BSY,"Bentley Systems, Incorporated",14.69B,17.07%,1.11,297.33M,391.69M,1.57B,68.41M,49.4
LW,"Lamb Weston Holdings, Inc.",14.61B,3.90%,0.72,144.37M,200.00K,3.60B,78.30M,101.19
VTRS,Viatris Inc.,14.56B,185.13%,1.14,1.19B,2.44B,18.13B,991.90M,12.26
ZBRA,Zebra Technologies Corporation,14.52B,39.03%,1.78,51.38M,-91.00M,2.37B,137.00M,282.59
LECO,"Lincoln Electric Holdings, Inc.",14.46B,7.38%,1.21,56.82M,626.05M,1.11B,393.79M,254.43
XPO,"XPO Logistics, Inc.",14.22B,39.88%,2.05,116.11M,-822.00M,4.11B,412.00M,122.43
RYAN,"Ryan Specialty Holdings, Inc.",14.14B,43.94%,0.51,118.63M,447.43M,2.16B,838.79M,54.32
DGX,Quest Diagnostics Incorporated,14.09B,11.32%,0.9,110.71M,864.00M,5.37B,686.00M,127.24
GEN,Gen Digital Inc.,14.06B,8.86%,1.09,636.91M,997.00M,9.30B,490.00M,22.07
BAP,Credicorp Ltd.,13.98B,9.95%,1.09,79.53M,-380.09M,10.70B,9.22B,175.83
MRO,Marathon Oil Corporation,13.96B,2.01%,2.22,577.20M,2.03B,5.43B,155.00M,24.74
BURL,"Burlington Stores, Inc.",13.95B,29.46%,1.47,64.53M,462.37M,4.81B,615.86M,216.25
KEY,KeyCorp,13.93B,19.69%,1.27,933.84M,2.77B,22.65B,941.00M,14.92
ALB,Albemarle Corporation,13.90B,40.39%,1.63,117.40M,-823.96M,4.17B,889.90M,118.33
AGR,"Avangrid, Inc.",13.86B,7.56%,0.54,386.78M,-1.88B,12.17B,163.00M,35.83
NBIX,"Neurocrine Biosciences, Inc.",13.85B,42.06%,0.24,99.51M,361.60M,428.40M,1.03B,139.22
DT,"Dynatrace, Inc.",13.85B,40.56%,1.08,296.00M,339.63M,74.29M,782.65M,46.8
TAP,Molson Coors Beverage Company,13.72B,9.27%,0.85,212.56M,1.42B,6.22B,868.90M,64.56
TAP.A,Molson Coors Beverage Company,13.72B,9.27%,0.85,212.71M,1.42B,6.22B,868.90M,62.74
CRL,"Charles River Laboratories International, Inc.",13.71B,17.98%,1.39,51.35M,365.37M,3.07B,276.77M,266.97
GFI,Gold Fields Limited,13.69B,13.76%,0.72,895.02M,1.38B,1.47B,966.40M,15.27
INCY,Incyte Corporation,13.48B,25.60%,0.66,224.53M,464.00M,32.60M,3.66B,60.02
CAG,"Conagra Brands, Inc.",13.45B,17.12%,0.41,478.01M,1.17B,9.07B,61.50M,28.13
PNR,Pentair plc,13.43B,9.66%,1.19,165.34M,548.80M,1.99B,170.30M,81.22
Z,"Zillow Group, Inc.",13.41B,-,1.84,231.02M,219.00M,1.83B,2.91B,57.88
BG,Bunge Limited,13.40B,-6.62%,0.64,143.42M,2.19B,5.76B,2.60B,92.2
PATH,UiPath Inc.,13.39B,-,0.97,566.08M,241.68M,57.69M,1.82B,23.66
SQM,Sociedad Química y Minera de Chile S.A.,13.15B,-10.76%,1.09,274.64M,4.77B,2.98B,3.81B,46.03
KIM,Kimco Realty Corporation,13.11B,-3.33%,1.44,672.91M,689.97M,7.73B,783.76M,19.49
FOXA,Fox Corporation,13.11B,9.89%,0.79,453.51M,1.17B,8.45B,4.12B,28.86
FOX,Fox Corporation,13.10B,9.89%,0.79,497.68M,1.17B,8.45B,4.12B,26.32
KMX,"CarMax, Inc.",12.91B,31.88%,1.61,157.92M,-685.75M,19.49B,1.09B,81.77
USFD,US Foods Holding Corp.,12.89B,18.62%,1.58,244.90M,841.00M,4.89B,269.00M,52.64
JKHY,"Jack Henry & Associates, Inc.",12.73B,13.19%,0.66,72.87M,242.72M,255.00M,26.71M,174.65
LNT,Alliant Energy Corporation,12.64B,7.58%,0.53,256.10M,-864.00M,9.51B,62.00M,49.34
AOS,A. O. Smith Corporation,12.62B,9.11%,1.24,147.20M,597.70M,155.20M,363.40M,85.82
CPB,Campbell Soup Company,12.59B,7.23%,0.23,298.10M,617.00M,4.52B,169.00M,42.25
TFII,TFI International Inc.,12.59B,21.59%,1.41,84.44M,725.62M,2.37B,335.56M,148.66
TOL,"Toll Brothers, Inc.",12.57B,2.22%,1.64,104.17M,1.27B,2.72B,754.79M,120.68
MEDP,"Medpace Holdings, Inc.",12.48B,14.70%,1.38,30.76M,396.73M,142.12M,245.45M,405.65
ACM,AECOM,12.48B,82.00%,1.23,136.02M,593.88M,2.73B,1.19B,91.73
TECH,Bio-Techne Corporation,12.12B,14.33%,1.22,157.19M,225.39M,555.70M,135.65M,77.09
FMS,Fresenius Medical Care AG & Co. KGaA,12.09B,44.60%,0.94,586.83M,2.14B,15.80B,1.80B,20.35
NI,NiSource Inc.,12.09B,8.89%,0.48,447.53M,-710.70M,14.13B,2.28B,27.01
ACI,"Albertsons Companies, Inc.",12.02B,8.32%,0.32,576.04M,687.80M,14.72B,222.70M,20.86
AFRM,"Affirm Holdings, Inc.",11.89B,-,3.6,306.75M,32.80M,6.20B,1.45B,38.76
PFGC,Performance Food Group Company,11.87B,19.74%,1.39,155.59M,697.00M,5.04B,16.40M,76.28
KEP,Korea Electric Power Corporation,11.85B,-,0.79,1.28B,-26.73B,105.31B,7.04B,9.23
EVRG,"Evergy, Inc.",11.84B,8.06%,0.56,229.73M,-353.80M,13.15B,27.70M,51.56
DVA,DaVita Inc.,11.80B,34.49%,1.03,87.70M,1.49B,11.12B,476.24M,135.17
BCH,Banco de Chile,11.73B,-67.68%,0.16,505.09M,112.87M,15.90B,2.87B,23.22
REXR,"Rexford Industrial Realty, Inc.",11.73B,10.27%,0.88,215.09M,-1.13B,2.23B,33.44M,53.15
PAA,"Plains All American Pipeline, L.P.",11.72B,2.91%,1.55,701.07M,2.15B,8.03B,450.00M,16.72
HII,"Huntington Ingalls Industries, Inc.",11.61B,10.16%,0.6,39.59M,692.00M,2.67B,430.00M,293.32
GL,Globe Life Inc.,11.58B,-,0.7,94.82M,1.43B,2.12B,103.16M,123.62
AES,The AES Corporation,11.54B,48.82%,1.06,710.29M,-4.69B,26.88B,2.19B,16.25
REG,Regency Centers Corporation,11.49B,7.43%,1.18,184.58M,497.90M,4.40B,91.35M,61.87
ALLE,Allegion plc,11.46B,12.35%,1.14,87.55M,516.40M,2.02B,468.10M,130.85
COTY,Coty Inc.,11.40B,7.97%,1.83,895.17M,396.00M,4.00B,483.50M,12.73
ALLY,Ally Financial Inc.,11.38B,19.96%,1.38,303.96M,4.66B,20.87B,6.95B,37.43
FFIV,"F5, Inc.",11.35B,20.30%,1.11,58.81M,610.97M,235.00M,825.86M,192.93
FIVE,"Five Below, Inc.",11.30B,20.16%,1.21,55.19M,141.51M,1.69B,162.93M,204.82
WYNN,"Wynn Resorts, Limited",11.26B,6.97%,1.95,112.08M,740.70M,13.37B,3.81B,100.43
RL,Ralph Lauren Corporation,11.25B,13.62%,1.55,63.94M,776.20M,2.74B,1.92B,176.03
CASY,"Casey's General Stores, Inc.",11.21B,10.19%,0.83,37.11M,417.78M,1.65B,409.89M,302.18
QRVO,"Qorvo, Inc.",11.21B,65.03%,1.56,96.55M,615.12M,2.03B,1.07B,116.07
DINO,HF Sinclair Corporation,11.19B,-1.73%,1.27,198.57M,1.91B,3.10B,1.35B,56.36
TFX,Teleflex Incorporated,10.56B,22.07%,1.11,47.06M,419.20M,1.93B,222.85M,224.4
EMN,Eastman Chemical Company,10.54B,10.86%,1.54,117.34M,541.00M,4.85B,548.00M,89.82
ONON,On Holding AG,10.53B,58.99%,2.18,317.10M,-2.59M,291.35M,551.57M,33.09
DAY,Dayforce Inc,10.48B,73.26%,1.31,156.60M,105.10M,1.24B,571.10M,66.92
ITT,ITT Inc.,10.43B,13.71%,1.43,82.10M,431.30M,187.70M,489.20M,127.08
WING,Wingstop Inc.,10.39B,19.67%,1.66,29.34M,81.09M,712.33M,101.66M,353.99
CUBE,CubeSmart,10.30B,2.51%,0.71,224.96M,501.57M,2.99B,8.22M,45.51
FBIN,"Fortune Brands Innovations, Inc.",10.28B,15.25%,1.63,126.13M,799.30M,2.81B,366.40M,81.47
PAYC,"Paycom Software, Inc.",10.25B,18.29%,1.17,57.55M,292.57M,-,294.03M,181.22
PAG,"Penske Automotive Group, Inc.",10.20B,2.30%,1.2,66.99M,749.00M,7.74B,96.40M,152.23
MOS,The Mosaic Company,10.16B,5.32%,1.5,321.69M,1.00B,3.76B,348.80M,31.59
BBWI,"Bath & Body Works, Inc.",10.11B,10.82%,1.85,225.94M,779.00M,5.71B,412.00M,44.76
BJ,"BJ's Wholesale Club Holdings, Inc.",10.07B,11.09%,0.26,133.38M,168.39M,3.10B,33.55M,75.48
BXP,"Boston Properties, Inc.",10.04B,20.94%,1.17,157.01M,293.73M,16.62B,1.61B,63.94
THC,Tenet Healthcare Corporation,9.87B,12.59%,2.07,100.00M,1.69B,15.00B,1.23B,98.68
QGEN,Qiagen N.V.,9.84B,14.77%,0.41,221.36M,309.75M,1.51B,1.06B,44.46
WPP,WPP plc,9.76B,15.64%,1.14,214.73M,1.32B,8.84B,2.85B,45.22
THO,"Thor Industries, Inc.",5.60B,17.41%,1.78,53.32M,588.70M,1.48B,340.19M,105.11
MSM,"MSC Industrial Direct Co., Inc.",5.58B,9.38%,0.9,56.40M,619.30M,600.58M,25.81M,99
GRFS,"Grifols, S.A.",5.56B,38.92%,0.67,683.45M,-710.62M,11.77B,647.18M,7
LPX,Louisiana-Pacific Corporation,5.56B,24.34%,1.83,72.25M,14.00M,378.00M,222.00M,76.9
ZWS,Zurn Elkay Water Solutions Corporation,5.50B,23.41%,1.04,172.00M,240.30M,532.60M,136.70M,31.97
NXST,"Nexstar Media Group, Inc.",5.47B,22.43%,1.5,33.43M,860.00M,6.88B,147.00M,163.5
CPRI,Capri Holdings Limited,5.45B,13.38%,2.04,116.57M,223.00M,3.71B,249.00M,46.79
SEE,Sealed Air Corporation,5.27B,20.95%,1.28,144.49M,272.00M,4.79B,346.10M,36.46
HOG,"Harley-Davidson, Inc.",5.25B,3.40%,1.44,136.56M,547.48M,7.18B,3.75B,38.47
MMSI,"Merit Medical Systems, Inc.",4.36B,27.14%,0.9,57.93M,111.06M,891.36M,587.04M,75.2
AAP,"Advance Auto Parts, Inc.",4.35B,-4.74%,1.16,59.50M,-8.30M,4.00B,317.53M,73.08
VMI,"Valmont Industries, Inc.",4.35B,32.88%,1.02,20.22M,211.71M,1.27B,203.04M,215.01
CPA,"Copa Holdings, S.A.",4.20B,25.19%,1.38,42.03M,297.97M,1.68B,934.75M,100.04
POR,Portland General Electric Company,4.20B,11.02%,0.58,101.16M,-938.00M,4.44B,5.00M,41.53
SAM,"The Boston Beer Company, Inc.",3.59B,38.69%,1.02,12.02M,202.77M,45.27M,298.49M,298.81
GPI,"Group 1 Automotive, Inc.",3.59B,-2.84%,1.42,13.69M,198.60M,3.89B,57.20M,262.25
UA,"Under Armour, Inc.",3.59B,10.57%,1.67,445.68M,235.83M,1.47B,1.04B,8.04
UAA,"Under Armour, Inc.",3.59B,10.57%,1.67,425.68M,235.83M,1.47B,1.04B,8.44
SMPL,The Simply Good Foods Company,3.34B,12.71%,0.7,99.60M,198.74M,272.12M,121.39M,33.48
SR,Spire Inc.,3.34B,7.44%,0.52,54.98M,-53.20M,4.75B,4.80M,60.7
CVI,"CVR Energy, Inc.",3.33B,-37.03%,1.58,100.53M,686.00M,2.19B,581.00M,33.09
ALE,"ALLETE, Inc.",3.33B,4.23%,0.74,57.58M,314.10M,1.79B,71.90M,57.76
